name,danceability,energy,key,loudness,mode,speechiness,acousticness,instrumentalness,liveness,valence,tempo,type,id,uri,track_href,analysis_url,duration_ms,time_signature
LUNA,0.774,0.86,7,-2.888,0,0.13,0.131,0.0,0.116,0.446,100.019,audio_features,7bywjHOc0wSjGGbj04XbVi,spotify:track:7bywjHOc0wSjGGbj04XbVi,https://api.spotify.com/v1/tracks/7bywjHOc0wSjGGbj04XbVi,https://api.spotify.com/v1/audio-analysis/7bywjHOc0wSjGGbj04XbVi,196800,4
EN BAJITA,0.799,0.598,8,-5.847,1,0.051,0.196,2.44e-05,0.074,0.62,95.988,audio_features,1FjTb3UQkKkXYahI27MxqJ,spotify:track:1FjTb3UQkKkXYahI27MxqJ,https://api.spotify.com/v1/tracks/1FjTb3UQkKkXYahI27MxqJ,https://api.spotify.com/v1/audio-analysis/1FjTb3UQkKkXYahI27MxqJ,175938,4
PERRO NEGRO,0.911,0.778,5,-2.248,1,0.262,0.0887,2.16e-05,0.179,0.345,96.057,audio_features,7iQXYTyuG13aoeHxGG28Nh,spotify:track:7iQXYTyuG13aoeHxGG28Nh,https://api.spotify.com/v1/tracks/7iQXYTyuG13aoeHxGG28Nh,https://api.spotify.com/v1/audio-analysis/7iQXYTyuG13aoeHxGG28Nh,162768,4
QLONA,0.841,0.738,7,-7.455,0,0.307,0.52,0.0,0.0892,0.484,169.918,audio_features,5RqSsdzTNPX1uzkmlHCFvK,spotify:track:5RqSsdzTNPX1uzkmlHCFvK,https://api.spotify.com/v1/tracks/5RqSsdzTNPX1uzkmlHCFvK,https://api.spotify.com/v1/audio-analysis/5RqSsdzTNPX1uzkmlHCFvK,172798,4
AMARGURA,0.92,0.696,6,-3.356,0,0.0742,0.183,0.0,0.149,0.545,106.966,audio_features,505v13epFXodT9fVAJ6h8k,spotify:track:505v13epFXodT9fVAJ6h8k,https://api.spotify.com/v1/tracks/505v13epFXodT9fVAJ6h8k,https://api.spotify.com/v1/audio-analysis/505v13epFXodT9fVAJ6h8k,170480,4
"VVS Switch (feat. Hades66, Luar La L & CDobleta) - Remix",0.544,0.871,0,-4.27,1,0.349,0.0494,0.0,0.346,0.638,79.997,audio_features,7kSL8RqBe9ySL8tjvSoII0,spotify:track:7kSL8RqBe9ySL8tjvSoII0,https://api.spotify.com/v1/tracks/7kSL8RqBe9ySL8tjvSoII0,https://api.spotify.com/v1/audio-analysis/7kSL8RqBe9ySL8tjvSoII0,555072,4
LA FALDA,0.8,0.738,7,-4.26,1,0.0691,0.372,0.00877,0.19,0.267,103.008,audio_features,7iUtQNMRB8ZkKC4AmEuCJC,spotify:track:7iUtQNMRB8ZkKC4AmEuCJC,https://api.spotify.com/v1/tracks/7iUtQNMRB8ZkKC4AmEuCJC,https://api.spotify.com/v1/audio-analysis/7iUtQNMRB8ZkKC4AmEuCJC,174230,4
TU$$I (with Dei V),0.535,0.603,10,-7.393,0,0.0668,0.294,0.0,0.13,0.428,89.724,audio_features,1txhQHV26PyOJJarkYtkOn,spotify:track:1txhQHV26PyOJJarkYtkOn,https://api.spotify.com/v1/tracks/1txhQHV26PyOJJarkYtkOn,https://api.spotify.com/v1/audio-analysis/1txhQHV26PyOJJarkYtkOn,163200,4
Mi Favorita,0.786,0.744,6,-5.47,1,0.0452,0.259,1.37e-06,0.147,0.795,116.979,audio_features,7rFdrrnEc8ZWu0T2hrY8bK,spotify:track:7rFdrrnEc8ZWu0T2hrY8bK,https://api.spotify.com/v1/tracks/7rFdrrnEc8ZWu0T2hrY8bK,https://api.spotify.com/v1/audio-analysis/7rFdrrnEc8ZWu0T2hrY8bK,232308,4
VA A PASAR,0.789,0.822,7,-7.684,0,0.113,0.155,0.0,0.184,0.821,130.096,audio_features,6jDKZnqukHp7aCfyThcJxB,spotify:track:6jDKZnqukHp7aCfyThcJxB,https://api.spotify.com/v1/tracks/6jDKZnqukHp7aCfyThcJxB,https://api.spotify.com/v1/audio-analysis/6jDKZnqukHp7aCfyThcJxB,192231,4
La Diabla,0.751,0.819,11,-4.372,0,0.0409,0.255,0.0,0.236,0.697,131.842,audio_features,0R6NfOiLzLj4O5VbYSJAjf,spotify:track:0R6NfOiLzLj4O5VbYSJAjf,https://api.spotify.com/v1/tracks/0R6NfOiLzLj4O5VbYSJAjf,https://api.spotify.com/v1/audio-analysis/0R6NfOiLzLj4O5VbYSJAjf,172264,3
we can't be friends (wait for your love),0.645,0.663,5,-8.305,1,0.0447,0.0657,3.18e-05,0.0751,0.287,115.83,audio_features,51ZQ1vr10ffzbwIjDCwqm4,spotify:track:51ZQ1vr10ffzbwIjDCwqm4,https://api.spotify.com/v1/tracks/51ZQ1vr10ffzbwIjDCwqm4,https://api.spotify.com/v1/audio-analysis/51ZQ1vr10ffzbwIjDCwqm4,228639,4
CLASSY 101,0.858,0.665,11,-4.772,1,0.152,0.126,0.0,0.119,0.659,100.09,audio_features,1hZsWUnLbqRw09jLAMQSsb,spotify:track:1hZsWUnLbqRw09jLAMQSsb,https://api.spotify.com/v1/tracks/1hZsWUnLbqRw09jLAMQSsb,https://api.spotify.com/v1/audio-analysis/1hZsWUnLbqRw09jLAMQSsb,195587,4
Según Quién,0.909,0.762,9,-3.974,1,0.0643,0.434,0.0,0.0856,0.843,101.987,audio_features,4bw8mcDUSRWfQo63ZTYRnU,spotify:track:4bw8mcDUSRWfQo63ZTYRnU,https://api.spotify.com/v1/tracks/4bw8mcDUSRWfQo63ZTYRnU,https://api.spotify.com/v1/audio-analysis/4bw8mcDUSRWfQo63ZTYRnU,142335,3
Hey Lil Mama,0.458,0.52,1,-6.902,0,0.175,0.58,5.98e-05,0.248,0.38,141.636,audio_features,5QtB74eCS2YzHvEfSlh8MG,spotify:track:5QtB74eCS2YzHvEfSlh8MG,https://api.spotify.com/v1/tracks/5QtB74eCS2YzHvEfSlh8MG,https://api.spotify.com/v1/audio-analysis/5QtB74eCS2YzHvEfSlh8MG,216338,4
La Bachata,0.835,0.679,7,-5.329,0,0.0364,0.583,1.98e-06,0.218,0.85,124.98,audio_features,3tt9i3Hhzq84dPS8H7iSiJ,spotify:track:3tt9i3Hhzq84dPS8H7iSiJ,https://api.spotify.com/v1/tracks/3tt9i3Hhzq84dPS8H7iSiJ,https://api.spotify.com/v1/audio-analysis/3tt9i3Hhzq84dPS8H7iSiJ,162638,4
Gata Only,0.791,0.499,8,-8.472,0,0.0509,0.446,2.41e-05,0.0899,0.669,99.986,audio_features,6XjDF6nds4DE2BBbagZol6,spotify:track:6XjDF6nds4DE2BBbagZol6,https://api.spotify.com/v1/tracks/6XjDF6nds4DE2BBbagZol6,https://api.spotify.com/v1/audio-analysis/6XjDF6nds4DE2BBbagZol6,222000,4
Es un Secreto,0.841,0.783,6,-4.915,0,0.0432,0.106,2.49e-06,0.0528,0.514,94.989,audio_features,7JwdbqIpiuWvGbRryKSuBz,spotify:track:7JwdbqIpiuWvGbRryKSuBz,https://api.spotify.com/v1/tracks/7JwdbqIpiuWvGbRryKSuBz,https://api.spotify.com/v1/audio-analysis/7JwdbqIpiuWvGbRryKSuBz,190560,4
MI EX TENÍA RAZÓN,0.634,0.725,5,-4.945,0,0.0587,0.0776,0.0,0.211,0.795,159.845,audio_features,54zcJnb3tp9c5OVKREZ1Is,spotify:track:54zcJnb3tp9c5OVKREZ1Is,https://api.spotify.com/v1/tracks/54zcJnb3tp9c5OVKREZ1Is,https://api.spotify.com/v1/audio-analysis/54zcJnb3tp9c5OVKREZ1Is,154375,4
Like Crazy,0.629,0.733,7,-5.445,1,0.0419,0.0025,0.0,0.357,0.362,120.001,audio_features,3Ua0m0YmEjrMi9XErKcNiR,spotify:track:3Ua0m0YmEjrMi9XErKcNiR,https://api.spotify.com/v1/tracks/3Ua0m0YmEjrMi9XErKcNiR,https://api.spotify.com/v1/audio-analysis/3Ua0m0YmEjrMi9XErKcNiR,212241,4
Columbia,0.668,0.712,5,-5.927,1,0.0381,0.369,2.13e-05,0.108,0.264,100.02,audio_features,6XbtvPmIpyCbjuT0e8cQtp,spotify:track:6XbtvPmIpyCbjuT0e8cQtp,https://api.spotify.com/v1/tracks/6XbtvPmIpyCbjuT0e8cQtp,https://api.spotify.com/v1/audio-analysis/6XbtvPmIpyCbjuT0e8cQtp,186000,4
CONTIGO (with Tiësto),0.846,0.545,5,-7.826,1,0.0736,0.178,6.23e-06,0.0989,0.268,122.029,audio_features,4UkUxO2WlKLc0Q1iEutGGh,spotify:track:4UkUxO2WlKLc0Q1iEutGGh,https://api.spotify.com/v1/tracks/4UkUxO2WlKLc0Q1iEutGGh,https://api.spotify.com/v1/audio-analysis/4UkUxO2WlKLc0Q1iEutGGh,192787,4
SI SABE FERXXO,0.726,0.831,8,-2.035,0,0.12,0.0139,3.71e-06,0.0891,0.489,95.997,audio_features,7chTH3GBjjAyagf0SPCZDL,spotify:track:7chTH3GBjjAyagf0SPCZDL,https://api.spotify.com/v1/tracks/7chTH3GBjjAyagf0SPCZDL,https://api.spotify.com/v1/audio-analysis/7chTH3GBjjAyagf0SPCZDL,152500,4
Normal,0.709,0.56,4,-4.867,0,0.171,0.034,0.0,0.315,0.541,170.082,audio_features,0T2pB7P1VdXPhLdQZ488uH,spotify:track:0T2pB7P1VdXPhLdQZ488uH,https://api.spotify.com/v1/tracks/0T2pB7P1VdXPhLdQZ488uH,https://api.spotify.com/v1/audio-analysis/0T2pB7P1VdXPhLdQZ488uH,171880,4
Feliz Cumpleaños Ferxxo,0.865,0.573,5,-5.501,1,0.0678,0.0863,0.0,0.305,0.563,94.999,audio_features,2CeKVsFFXG4QzA415QygGb,spotify:track:2CeKVsFFXG4QzA415QygGb,https://api.spotify.com/v1/tracks/2CeKVsFFXG4QzA415QygGb,https://api.spotify.com/v1/audio-analysis/2CeKVsFFXG4QzA415QygGb,155960,4
Beautiful Things,0.472,0.471,10,-5.692,1,0.0603,0.151,0.0,0.14,0.219,105.029,audio_features,6tNQ70jh4OwmPGpYy6R2o9,spotify:track:6tNQ70jh4OwmPGpYy6R2o9,https://api.spotify.com/v1/tracks/6tNQ70jh4OwmPGpYy6R2o9,https://api.spotify.com/v1/audio-analysis/6tNQ70jh4OwmPGpYy6R2o9,180304,3
Love Me Again,0.633,0.607,0,-6.182,0,0.0532,0.183,1.38e-06,0.167,0.363,74.029,audio_features,2N0SPREDYqILVEFSsWF5N5,spotify:track:2N0SPREDYqILVEFSsWF5N5,https://api.spotify.com/v1/tracks/2N0SPREDYqILVEFSsWF5N5,https://api.spotify.com/v1/audio-analysis/2N0SPREDYqILVEFSsWF5N5,182293,4
DILUVIO,0.845,0.795,9,-3.502,0,0.0681,0.343,1.78e-05,0.224,0.681,94.969,audio_features,2kz1YOhJiNubjigR1gB1VX,spotify:track:2kz1YOhJiNubjigR1gB1VX,https://api.spotify.com/v1/tracks/2kz1YOhJiNubjigR1gB1VX,https://api.spotify.com/v1/audio-analysis/2kz1YOhJiNubjigR1gB1VX,197053,4
"Young Miko: Bzrp Music Sessions, Vol. 58",0.704,0.571,7,-8.212,0,0.156,0.588,0.0,0.117,0.443,96.016,audio_features,6VciS3dRMpZhJiDxT8ArFi,spotify:track:6VciS3dRMpZhJiDxT8ArFi,https://api.spotify.com/v1/tracks/6VciS3dRMpZhJiDxT8ArFi,https://api.spotify.com/v1/audio-analysis/6VciS3dRMpZhJiDxT8ArFi,190000,4
FRI(END)S,0.466,0.601,8,-4.468,1,0.053,0.0315,0.0,0.0927,0.627,53.376,audio_features,0PBTlQ84CBJF0tBnKGmQa6,spotify:track:0PBTlQ84CBJF0tBnKGmQa6,https://api.spotify.com/v1/tracks/0PBTlQ84CBJF0tBnKGmQa6,https://api.spotify.com/v1/audio-analysis/0PBTlQ84CBJF0tBnKGmQa6,148082,4
LA INOCENTE,0.757,0.789,5,-3.46,0,0.0583,0.307,0.0,0.0717,0.464,91.911,audio_features,5jt25aFjW2kNoBqaEVaz5W,spotify:track:5jt25aFjW2kNoBqaEVaz5W,https://api.spotify.com/v1/tracks/5jt25aFjW2kNoBqaEVaz5W,https://api.spotify.com/v1/audio-analysis/5jt25aFjW2kNoBqaEVaz5W,202174,4
X SI VOLVEMOS,0.794,0.807,1,-3.447,0,0.326,0.334,0.0,0.104,0.575,178.003,audio_features,4NoOME4Dhf4xgxbHDT7VGe,spotify:track:4NoOME4Dhf4xgxbHDT7VGe,https://api.spotify.com/v1/tracks/4NoOME4Dhf4xgxbHDT7VGe,https://api.spotify.com/v1/audio-analysis/4NoOME4Dhf4xgxbHDT7VGe,200120,4
Narcotics (with Bryant Myers),0.711,0.718,1,-5.671,1,0.0994,0.379,0.0,0.119,0.689,159.953,audio_features,0p0cOpBujR114Wirv5AM7W,spotify:track:0p0cOpBujR114Wirv5AM7W,https://api.spotify.com/v1/tracks/0p0cOpBujR114Wirv5AM7W,https://api.spotify.com/v1/audio-analysis/0p0cOpBujR114Wirv5AM7W,173991,4
M.A.I,0.364,0.572,10,-5.861,0,0.0341,0.758,0.0,0.229,0.514,80.363,audio_features,35ttE4t8lQZA2vuCYDg4G7,spotify:track:35ttE4t8lQZA2vuCYDg4G7,https://api.spotify.com/v1/tracks/35ttE4t8lQZA2vuCYDg4G7,https://api.spotify.com/v1/audio-analysis/35ttE4t8lQZA2vuCYDg4G7,184027,4
TQG,0.72,0.63,4,-3.547,0,0.277,0.673,0.0,0.0936,0.607,179.974,audio_features,0DWdj2oZMBFSzRsi2Cvfzf,spotify:track:0DWdj2oZMBFSzRsi2Cvfzf,https://api.spotify.com/v1/tracks/0DWdj2oZMBFSzRsi2Cvfzf,https://api.spotify.com/v1/audio-analysis/0DWdj2oZMBFSzRsi2Cvfzf,199440,4
DONDE SE APRENDE A QUERER?,0.722,0.519,8,-10.142,1,0.297,0.555,0.0,0.118,0.779,170.058,audio_features,0sfk352FO8bJUjWjIsyzSR,spotify:track:0sfk352FO8bJUjWjIsyzSR,https://api.spotify.com/v1/tracks/0sfk352FO8bJUjWjIsyzSR,https://api.spotify.com/v1/audio-analysis/0sfk352FO8bJUjWjIsyzSR,144427,4
EMPELOTICA,0.728,0.74,11,-3.091,1,0.111,0.0795,0.0,0.109,0.651,92.967,audio_features,0dKsNKiWmqkoz8YAUzfigC,spotify:track:0dKsNKiWmqkoz8YAUzfigC,https://api.spotify.com/v1/tracks/0dKsNKiWmqkoz8YAUzfigC,https://api.spotify.com/v1/audio-analysis/0dKsNKiWmqkoz8YAUzfigC,190323,4
MODELITO,0.711,0.752,7,-7.574,0,0.2,0.191,0.0106,0.338,0.528,145.047,audio_features,559YUIWxUc8Mx4lsla13Ff,spotify:track:559YUIWxUc8Mx4lsla13Ff,https://api.spotify.com/v1/tracks/559YUIWxUc8Mx4lsla13Ff,https://api.spotify.com/v1/audio-analysis/559YUIWxUc8Mx4lsla13Ff,190497,4
CARACAS EN EL 2000,0.85,0.71,2,-6.834,1,0.0455,0.563,0.0,0.0944,0.782,117.99,audio_features,4CUWxHauVJriW776t5lyCJ,spotify:track:4CUWxHauVJriW776t5lyCJ,https://api.spotify.com/v1/tracks/4CUWxHauVJriW776t5lyCJ,https://api.spotify.com/v1/audio-analysis/4CUWxHauVJriW776t5lyCJ,227785,4
OKI DOKI,0.843,0.728,2,-4.207,0,0.0552,0.202,0.000219,0.313,0.581,106.015,audio_features,4gJfPoMIcSDGY0tMGxm6Fu,spotify:track:4gJfPoMIcSDGY0tMGxm6Fu,https://api.spotify.com/v1/tracks/4gJfPoMIcSDGY0tMGxm6Fu,https://api.spotify.com/v1/audio-analysis/4gJfPoMIcSDGY0tMGxm6Fu,143790,4
VVS Switch,0.712,0.583,0,-9.014,1,0.261,0.02,0.0,0.354,0.512,79.995,audio_features,3pEP9sPglz2hVxA8BUsB7S,spotify:track:3pEP9sPglz2hVxA8BUsB7S,https://api.spotify.com/v1/tracks/3pEP9sPglz2hVxA8BUsB7S,https://api.spotify.com/v1/audio-analysis/3pEP9sPglz2hVxA8BUsB7S,168179,4
MIENTRAS ME CURO DEL CORA,0.523,0.477,0,-6.786,1,0.392,0.855,0.0,0.146,0.57,79.921,audio_features,6otePxalBK8AVa20xhZYVQ,spotify:track:6otePxalBK8AVa20xhZYVQ,https://api.spotify.com/v1/tracks/6otePxalBK8AVa20xhZYVQ,https://api.spotify.com/v1/audio-analysis/6otePxalBK8AVa20xhZYVQ,164387,4
Seven (feat. Latto) (Explicit Ver.),0.79,0.831,11,-4.185,1,0.044,0.312,0.0,0.0797,0.872,124.987,audio_features,2HRgqmZQC0MC7GeNuDIXHN,spotify:track:2HRgqmZQC0MC7GeNuDIXHN,https://api.spotify.com/v1/tracks/2HRgqmZQC0MC7GeNuDIXHN,https://api.spotify.com/v1/audio-analysis/2HRgqmZQC0MC7GeNuDIXHN,183551,4
LALA,0.708,0.737,1,-4.045,1,0.0436,0.0739,0.00162,0.0955,0.607,91.986,audio_features,7ABLbnD53cQK00mhcaOUVG,spotify:track:7ABLbnD53cQK00mhcaOUVG,https://api.spotify.com/v1/tracks/7ABLbnD53cQK00mhcaOUVG,https://api.spotify.com/v1/audio-analysis/7ABLbnD53cQK00mhcaOUVG,197920,4
Holanda,0.831,0.759,1,-3.627,0,0.0502,0.277,0.0,0.125,0.244,107.961,audio_features,6irysuQyZWd7Bjj7ePiOs2,spotify:track:6irysuQyZWd7Bjj7ePiOs2,https://api.spotify.com/v1/tracks/6irysuQyZWd7Bjj7ePiOs2,https://api.spotify.com/v1/audio-analysis/6irysuQyZWd7Bjj7ePiOs2,231693,4
No Te Quieren Conmigo,0.76,0.646,6,-5.009,1,0.068,0.361,0.000109,0.254,0.576,97.917,audio_features,3Cx4BsDd4q0GCVBJ5CAw2K,spotify:track:3Cx4BsDd4q0GCVBJ5CAw2K,https://api.spotify.com/v1/tracks/3Cx4BsDd4q0GCVBJ5CAw2K,https://api.spotify.com/v1/audio-analysis/3Cx4BsDd4q0GCVBJ5CAw2K,252040,4
Me Rehúso,0.744,0.804,1,-6.327,1,0.0677,0.0231,0.0,0.0494,0.426,104.823,audio_features,6ifUES3keWjwXgae8pXI3o,spotify:track:6ifUES3keWjwXgae8pXI3o,https://api.spotify.com/v1/tracks/6ifUES3keWjwXgae8pXI3o,https://api.spotify.com/v1/audio-analysis/6ifUES3keWjwXgae8pXI3o,205715,4
MONACO,0.787,0.621,4,-5.009,0,0.068,0.15,0.000402,0.58,0.13,139.056,audio_features,4MjDJD8cW7iVeWInc2Bdyj,spotify:track:4MjDJD8cW7iVeWInc2Bdyj,https://api.spotify.com/v1/tracks/4MjDJD8cW7iVeWInc2Bdyj,https://api.spotify.com/v1/audio-analysis/4MjDJD8cW7iVeWInc2Bdyj,267194,4
Quien Es Dei V?,0.557,0.744,1,-4.18,1,0.344,0.481,0.0,0.666,0.7,100.247,audio_features,5nSUskJwcSRFS9dIqrVfrv,spotify:track:5nSUskJwcSRFS9dIqrVfrv,https://api.spotify.com/v1/tracks/5nSUskJwcSRFS9dIqrVfrv,https://api.spotify.com/v1/audio-analysis/5nSUskJwcSRFS9dIqrVfrv,162245,4
PROVENZA,0.87,0.517,1,-7.918,1,0.0475,0.576,0.00553,0.11,0.54,111.002,audio_features,3HqcNJdZ2seoGxhn0wVNDK,spotify:track:3HqcNJdZ2seoGxhn0wVNDK,https://api.spotify.com/v1/tracks/3HqcNJdZ2seoGxhn0wVNDK,https://api.spotify.com/v1/audio-analysis/3HqcNJdZ2seoGxhn0wVNDK,207627,4
